rank,deck_id,class,wins,losses,draws,crashes,games,winrate
1,WARLOCK_3,WARLOCK,1984,196,0,0,2180,0.9101
2,WARLOCK_7,WARLOCK,1983,195,2,0,2180,0.9096
3,MAGE_0,MAGE,1958,221,1,0,2180,0.8982
4,SHAMAN_8,SHAMAN,1918,262,0,0,2180,0.8798
5,HUNTER_0,HUNTER,1855,320,5,0,2180,0.8509
6,MAGE_3,MAGE,1822,358,0,0,2180,0.8358
7,SHAMAN_2,SHAMAN,1817,359,4,0,2180,0.8335
8,WARLOCK_2,WARLOCK,1814,365,1,0,2180,0.8321
9,SHAMAN_0,SHAMAN,1810,370,0,0,2180,0.8303
10,MAGE_9,MAGE,1810,367,3,0,2180,0.8303
11,MAGE_4,MAGE,1802,376,2,0,2180,0.8266
12,SHAMAN_9,SHAMAN,1759,421,0,0,2180,0.8069
13,WARLOCK_1,WARLOCK,1758,419,3,0,2180,0.8064
14,MAGE_5,MAGE,1677,503,0,0,2180,0.7693
15,HUNTER_8,HUNTER,1672,506,2,0,2180,0.767
16,HUNTER_5,HUNTER,1663,513,4,0,2180,0.7628
17,SHAMAN_6,SHAMAN,1661,516,3,0,2180,0.7619
18,MAGE_2,MAGE,1631,548,1,0,2180,0.7482
19,SHAMAN_3,SHAMAN,1620,559,1,0,2180,0.7431
20,WARLOCK_8,WARLOCK,1611,567,2,0,2180,0.739
21,HUNTER_1,HUNTER,1595,585,0,0,2180,0.7317
22,WARLOCK_9,WARLOCK,1589,590,1,0,2180,0.7289
23,DEATHKNIGHT_5,DEATHKNIGHT,1580,595,5,0,2180,0.7248
24,DEATHKNIGHT_6,DEATHKNIGHT,1561,618,1,0,2180,0.7161
25,HUNTER_2,HUNTER,1548,631,1,0,2180,0.7101
26,SHAMAN_1,SHAMAN,1537,639,4,0,2180,0.705
27,DEATHKNIGHT_0,DEATHKNIGHT,1527,651,2,0,2180,0.7005
28,HUNTER_3,HUNTER,1519,658,3,0,2180,0.6968
29,HUNTER_4,HUNTER,1507,673,0,0,2180,0.6913
30,SHAMAN_7,SHAMAN,1500,678,2,0,2180,0.6881
31,WARLOCK_5,WARLOCK,1488,687,5,0,2180,0.6826
32,SHAMAN_5,SHAMAN,1487,691,2,0,2180,0.6821
33,MAGE_6,MAGE,1423,754,3,0,2180,0.6528
34,DEATHKNIGHT_8,DEATHKNIGHT,1364,814,2,0,2180,0.6257
35,HUNTER_7,HUNTER,1355,822,3,0,2180,0.6216
36,WARLOCK_0,WARLOCK,1354,824,2,0,2180,0.6211
37,DEMONHUNTER_5,DEMONHUNTER,1339,838,3,0,2180,0.6142
38,DEATHKNIGHT_4,DEATHKNIGHT,1315,863,2,0,2180,0.6032
39,PALADIN_1,PALADIN,1305,870,5,0,2180,0.5986
40,PALADIN_8,PALADIN,1288,889,3,0,2180,0.5908
41,WARLOCK_4,WARLOCK,1277,898,5,0,2180,0.5858
42,WARLOCK_6,WARLOCK,1264,912,4,0,2180,0.5798
43,MAGE_1,MAGE,1247,930,3,0,2180,0.572
44,WARRIOR_0,WARRIOR,1244,936,0,0,2180,0.5706
45,MAGE_7,MAGE,1215,963,2,0,2180,0.5573
46,DEMONHUNTER_3,DEMONHUNTER,1213,960,7,0,2180,0.5564
47,PALADIN_5,PALADIN,1211,967,2,0,2180,0.5555
48,DRUID_4,DRUID,1208,968,4,0,2180,0.5541
49,DEATHKNIGHT_2,DEATHKNIGHT,1197,976,7,0,2180,0.5491
50,DRUID_7,DRUID,1194,984,2,0,2180,0.5477
51,WARRIOR_8,WARRIOR,1190,986,4,0,2180,0.5459
52,PALADIN_0,PALADIN,1187,990,3,0,2180,0.5445
53,DRUID_5,DRUID,1181,997,2,0,2180,0.5417
54,SHAMAN_4,SHAMAN,1165,1014,1,0,2180,0.5344
55,MAGE_8,MAGE,1163,1014,3,0,2180,0.5335
56,PALADIN_7,PALADIN,1131,1045,4,0,2180,0.5188
57,DEMONHUNTER_0,DEMONHUNTER,1105,1068,7,0,2180,0.5069
58,WARRIOR_7,WARRIOR,1101,1077,2,0,2180,0.505
59,DRUID_6,DRUID,1043,1136,1,0,2180,0.4784
60,WARRIOR_1,WARRIOR,1040,1137,3,0,2180,0.4771
61,DEATHKNIGHT_7,DEATHKNIGHT,1039,1137,4,0,2180,0.4766
62,WARRIOR_5,WARRIOR,984,1193,3,0,2180,0.4514
63,DEATHKNIGHT_9,DEATHKNIGHT,967,1208,5,0,2180,0.4436
64,HUNTER_9,HUNTER,963,1213,4,0,2180,0.4417
65,WARRIOR_3,WARRIOR,953,1223,4,0,2180,0.4372
66,PRIEST_3,PRIEST,928,1247,5,0,2180,0.4257
67,DEMONHUNTER_1,DEMONHUNTER,914,1261,5,0,2180,0.4193
68,DEMONHUNTER_9,DEMONHUNTER,889,1288,3,0,2180,0.4078
69,DEMONHUNTER_8,DEMONHUNTER,884,1293,3,0,2180,0.4055
70,DRUID_2,DRUID,879,1297,4,0,2180,0.4032
71,DEATHKNIGHT_3,DEATHKNIGHT,867,1308,5,0,2180,0.3977
72,DRUID_3,DRUID,866,1310,4,0,2180,0.3972
73,PRIEST_1,PRIEST,860,1318,2,0,2180,0.3945
74,PRIEST_4,PRIEST,852,1321,7,0,2180,0.3908
75,WARRIOR_2,WARRIOR,845,1331,4,0,2180,0.3876
76,PRIEST_0,PRIEST,820,1357,3,0,2180,0.3761
77,DRUID_0,DRUID,783,1393,4,0,2180,0.3592
78,PRIEST_7,PRIEST,768,1409,3,0,2180,0.3523
79,DEMONHUNTER_7,DEMONHUNTER,764,1412,4,0,2180,0.3505
80,PRIEST_2,PRIEST,751,1428,1,0,2180,0.3445
81,HUNTER_6,HUNTER,741,1438,1,0,2180,0.3399
82,PALADIN_6,PALADIN,738,1440,2,0,2180,0.3385
83,WARRIOR_6,WARRIOR,714,1463,3,0,2180,0.3275
84,DEATHKNIGHT_1,DEATHKNIGHT,712,1467,1,0,2180,0.3266
85,WARRIOR_4,WARRIOR,712,1461,7,0,2180,0.3266
86,DEMONHUNTER_6,DEMONHUNTER,699,1474,7,0,2180,0.3206
87,DRUID_1,DRUID,682,1492,6,0,2180,0.3128
88,DEMONHUNTER_2,DEMONHUNTER,663,1510,7,0,2180,0.3041
89,PALADIN_2,PALADIN,640,1536,4,0,2180,0.2936
90,PRIEST_8,PRIEST,623,1556,1,0,2180,0.2858
91,PALADIN_4,PALADIN,622,1554,4,0,2180,0.2853
92,PRIEST_5,PRIEST,622,1553,5,0,2180,0.2853
93,WARRIOR_9,WARRIOR,599,1580,1,0,2180,0.2748
94,DRUID_8,DRUID,558,1620,2,0,2180,0.256
95,PALADIN_9,PALADIN,502,1672,6,0,2180,0.2303
96,PALADIN_3,PALADIN,495,1681,4,0,2180,0.2271
97,DEMONHUNTER_4,DEMONHUNTER,450,1721,9,0,2180,0.2064
98,PRIEST_6,PRIEST,426,1750,4,0,2180,0.1954
99,PRIEST_9,PRIEST,394,1785,1,0,2180,0.1807
100,DRUID_9,DRUID,281,1896,3,0,2180,0.1289
101,ROGUE_0,ROGUE,258,1919,3,0,2180,0.1183
102,ROGUE_7,ROGUE,255,1925,0,0,2180,0.117
103,ROGUE_4,ROGUE,225,1951,4,0,2180,0.1032
104,ROGUE_2,ROGUE,220,1960,0,0,2180,0.1009
105,ROGUE_3,ROGUE,219,1960,1,0,2180,0.1005
106,ROGUE_6,ROGUE,167,2012,1,0,2180,0.0766
107,ROGUE_5,ROGUE,151,2026,3,0,2180,0.0693
108,ROGUE_8,ROGUE,145,2034,1,0,2180,0.0665
109,ROGUE_9,ROGUE,142,2037,1,0,2180,0.0651
110,ROGUE_1,ROGUE,127,2051,2,0,2180,0.0583
